pdb_id,dataset
5bx6,SinglePPD-Training
4b7k,SinglePPD-Training
6itu,SinglePPD-Training
3vrv,SinglePPD-Training
6eja,SinglePPD-Training
6pjr,SinglePPD-Training
5n4o,SinglePPD-Training
3i5r,SinglePPD-Training
1sve,SinglePPD-Training
5q0i,SinglePPD-Training
6ivx,SinglePPD-Training
1u9e,SinglePPD-Training
4pc0,SinglePPD-Training
5tmq,SinglePPD-Training
7bpy,SinglePPD-Training
5c1d,SinglePPD-Training
4bxr,SinglePPD-Training
3fg5,SinglePPD-Training
1uti,SinglePPD-Training
5gxw,SinglePPD-Training
5q0y,SinglePPD-Training
6l9k,SinglePPD-Training
6ccu,SinglePPD-Training
5bx7,SinglePPD-Training
2co4,SinglePPD-Training
6mue,SinglePPD-Training
2v8c,SinglePPD-Training
5crv,SinglePPD-Training
5q0u,SinglePPD-Training
1obz,SinglePPD-Training
4j77,SinglePPD-Training
4pyu,SinglePPD-Training
1rdq,SinglePPD-Training
4a1t,SinglePPD-Training
5q0m,SinglePPD-Training
4mg6,SinglePPD-Training
5cp0,SinglePPD-Training
5e0w,SinglePPD-Training
7jvo,SinglePPD-Training
4j81,SinglePPD-Training
2zgh,SinglePPD-Training
5u62,SinglePPD-Training
2qos,SinglePPD-Training
7bq2,SinglePPD-Training
6dqt,SinglePPD-Training
6cct,SinglePPD-Training
6iua,SinglePPD-Training
4zih,SinglePPD-Training
1t3l,SinglePPD-Training
3amb,SinglePPD-Training
3omq,SinglePPD-Training
5dk9,SinglePPD-Training
4aom,SinglePPD-Training
1lb6,SinglePPD-Training
4ofu,SinglePPD-Training
4ynk,SinglePPD-Training
2q7i,SinglePPD-Training
5n4b,SinglePPD-Training
1ssb,SinglePPD-Training
1nvs,SinglePPD-Training
2c1b,SinglePPD-Training
5h3j,SinglePPD-Training
3cs8,SinglePPD-Training
3tbh,SinglePPD-Training
3hqu,SinglePPD-Training
2gng,SinglePPD-Training
6pj5,SinglePPD-Training
6jwj,SinglePPD-Training
2h4j,SinglePPD-Training
4rme,SinglePPD-Training
2iwb,SinglePPD-Training
4hyu,SinglePPD-Training
6frx,SinglePPD-Training
2vm6,SinglePPD-Training
5tm3,SinglePPD-Training
6kkb,SinglePPD-Training
5g42,SinglePPD-Training
6gek,SinglePPD-Training
3pk1,SinglePPD-Training
5dl4,SinglePPD-Training
2q7l,SinglePPD-Training
4bd6,SinglePPD-Training
6pj4,SinglePPD-Training
2voi,SinglePPD-Training
3llz,SinglePPD-Training
5zwi,SinglePPD-Training
3vt4,SinglePPD-Training
4leb,SinglePPD-Training
1y2a,SinglePPD-Training
3emw,SinglePPD-Training
4q1l,SinglePPD-Training
3tei,SinglePPD-Training
5onp,SinglePPD-Training
4zns,SinglePPD-Training
6ox0,SinglePPD-Training
4b1w,SinglePPD-Training
4yje,SinglePPD-Training
4xoe,SinglePPD-Training
2yns,SinglePPD-Training
5tld,SinglePPD-Training
4mg5,SinglePPD-Training
3njn,SinglePPD-Training
3mvh,SinglePPD-Training
2jdl,SinglePPD-Training
5dwi,SinglePPD-Training
2uw3,SinglePPD-Training
3hqm,SinglePPD-Training
4znw,SinglePPD-Training
2gns,SinglePPD-Training
1oj5,SinglePPD-Training
5ni5,SinglePPD-Training
4c36,SinglePPD-Training
6och,SinglePPD-Training
3cbp,SinglePPD-Training
2q3y,SinglePPD-Training
4zeq,SinglePPD-Training
3v9t,SinglePPD-Training
3c3q,SinglePPD-Training
6i5p,SinglePPD-Training
6oqx,SinglePPD-Training
3p0m,SinglePPD-Training
5bnw,SinglePPD-Training
4a1v,SinglePPD-Training
2ak5,SinglePPD-Training
1ir3,SinglePPD-Training
1cka,SinglePPD-Training
5l83,SinglePPD-Training
3et3,SinglePPD-Training
2uw4,SinglePPD-Training
5ni7,SinglePPD-Training
1q8w,SinglePPD-Training
5wzz,SinglePPD-Training
3kui,SinglePPD-Training
2jgc,SinglePPD-Training
2pb8,SinglePPD-Training
2yle,SinglePPD-Training
3m5n,SinglePPD-Training
5t1z,SinglePPD-Training
4udb,SinglePPD-Training
6bc8,SinglePPD-Training
3rs8,SinglePPD-Training
6yna,SinglePPD-Training
3ivq,SinglePPD-Training
5gid,SinglePPD-Training
3vqh,SinglePPD-Training
4x3i,SinglePPD-Training
1yyp,SinglePPD-Training
2iq6,SinglePPD-Training
4usl,SinglePPD-Training
6xro,SinglePPD-Training
4fvd,SinglePPD-Training
3qal,SinglePPD-Training
4j73,SinglePPD-Training
6vif,SinglePPD-Training
6erw,SinglePPD-Training
5awj,SinglePPD-Training
5tlt,SinglePPD-Training
6hp5,SinglePPD-Training
3ipq,SinglePPD-Training
3b1m,SinglePPD-Training
5kcc,SinglePPD-Training
4m8h,SinglePPD-Training
3nmx,SinglePPD-Training
6bw9,SinglePPD-Training
2y7l,SinglePPD-Training
6ynb,SinglePPD-Training
1t73,SinglePPD-Training
3mno,SinglePPD-Training
5zwh,SinglePPD-Training
4cc2,SinglePPD-Training
4gyy,SinglePPD-Training
4j78,SinglePPD-Training
4wvj,SinglePPD-Training
4h3b,SinglePPD-Training
3ro3,SinglePPD-Training
6jjz,SinglePPD-Training
4lnp,SinglePPD-Training
3fur,SinglePPD-Training
2pvf,SinglePPD-Training
4okt,SinglePPD-Training
2ht9,SinglePPD-Training
3ptl,SinglePPD-Training
6iu7,SinglePPD-Training
6mjc,SinglePPD-Training
6od0,SinglePPD-Training
6hgt,SinglePPD-Training
7bpz,SinglePPD-Training
6izn,SinglePPD-Training
3tg5,SinglePPD-Training
6uyp,SinglePPD-Training
4jdk,SinglePPD-Training
5tn5,SinglePPD-Training
3vrw,SinglePPD-Training
4eoy,SinglePPD-Training
6nsx,SinglePPD-Training
6lb6,SinglePPD-Training
3v9v,SinglePPD-Training
1xoc,SinglePPD-Training
5n3a,SinglePPD-Training
6eaw,SinglePPD-Training
6gzl,SinglePPD-Training
3lmp,SinglePPD-Training
7bq3,SinglePPD-Training
1mzn,SinglePPD-Training
6ekj,SinglePPD-Training
5ol3,SinglePPD-Training
4ore,SinglePPD-Training
2gnf,SinglePPD-Training
5q0l,SinglePPD-Training
4mgc,SinglePPD-Training
5jf0,SinglePPD-Training
2p1v,SinglePPD-Training
1n4h,SinglePPD-Training
3oqs,SinglePPD-Training
6icj,SinglePPD-Training
5dwl,SinglePPD-Training
5xpm,SinglePPD-Training
4htp,SinglePPD-Training
5v3r,SinglePPD-Training
3hs8,SinglePPD-Training
1cjr,SinglePPD-Training
2uvz,SinglePPD-Training
3lcn,SinglePPD-Training
2voh,SinglePPD-Training
6gu0,SinglePPD-Training
6ubh,SinglePPD-Training
1ydr,SinglePPD-Training
3kkv,SinglePPD-Training
5fb1,SinglePPD-Training
1ky6,SinglePPD-Training
4j26,SinglePPD-Training
4oaj,SinglePPD-Training
3gyu,SinglePPD-Training
5elq,SinglePPD-Training
3zo4,SinglePPD-Training
2uzv,SinglePPD-Training
4wci,SinglePPD-Training
3ru2,SinglePPD-Training
3up3,SinglePPD-Training
5n50,SinglePPD-Training
6wlx,SinglePPD-Training
1wcy,SinglePPD-Training
1se0,SinglePPD-Training
5kd9,SinglePPD-Training
3f9z,SinglePPD-Training
6ej9,SinglePPD-Training
4csj,SinglePPD-Training
5o3u,SinglePPD-Training
6icv,SinglePPD-Training
4lsj,SinglePPD-Training
4n3a,SinglePPD-Training
3fp4,SinglePPD-Training
1yp1,SinglePPD-Training
3o1d,SinglePPD-Training
6jh9,SinglePPD-Training
2dew,SinglePPD-Training
4uf1,SinglePPD-Training
5wfv,SinglePPD-Training
3bfq,SinglePPD-Training
6pj7,SinglePPD-Training
2p1t,SinglePPD-Training
2v3z,SinglePPD-Training
5dzi,SinglePPD-Training
5vi9,SinglePPD-Training
5tm1,SinglePPD-Training
5h7y,SinglePPD-Training
6vc2,SinglePPD-Training
1jot,SinglePPD-Training
2j7y,SinglePPD-Training
6bwa,SinglePPD-Training
6mhf,SinglePPD-Training
6tof,SinglePPD-Training
1mvc,SinglePPD-Training
1ssa,SinglePPD-Training
2xyi,SinglePPD-Training
2z32,SinglePPD-Training
3x2v,SinglePPD-Training
5du5,SinglePPD-Training
6do5,SinglePPD-Training
2zl9,SinglePPD-Training
6im4,SinglePPD-Training
5f67,SinglePPD-Training
5w2j,SinglePPD-Training
1pcx,SinglePPD-Training
5n4x,SinglePPD-Training
4gnt,SinglePPD-Training
5krk,SinglePPD-Training
1uoo,SinglePPD-Training
2v8w,SinglePPD-Training
5fvk,SinglePPD-Training
2jby,SinglePPD-Training
7a79,SinglePPD-Training
3lly,SinglePPD-Training
5n3f,SinglePPD-Training
6ocg,SinglePPD-Training
3dne,SinglePPD-Training
1x8s,SinglePPD-Training
2fot,SinglePPD-Training
1yy6,SinglePPD-Training
4eqj,SinglePPD-Training
3vt5,SinglePPD-Training
3jql,SinglePPD-Training
3d24,SinglePPD-Training
3qis,SinglePPD-Training
1m45,SinglePPD-Training
7jhd,SinglePPD-Training
5m71,SinglePPD-Training
5wou,SinglePPD-Training
3cqw,SinglePPD-Training
2peh,SinglePPD-Training
6j0x,SinglePPD-Training
4fga,SinglePPD-Training
1avf,SinglePPD-Training
6x5g,SinglePPD-Training
3nin,SinglePPD-Training
4ruj,SinglePPD-Training
5vib,SinglePPD-Training
2y4v,SinglePPD-Training
2pv1,SinglePPD-Training
2cvy,SinglePPD-Training
2b1v,SinglePPD-Training
3eqs,SinglePPD-Training
5kro,SinglePPD-Training
3v43,SinglePPD-Training
1srn,SinglePPD-Training
3bqo,SinglePPD-Training
3bya,SinglePPD-Training
3cvp,SinglePPD-Training
3qam,SinglePPD-Training
4ivy,SinglePPD-Training
2b3g,SinglePPD-Training
4eje,SinglePPD-Training
4pz3,SinglePPD-Training
4wsf,SinglePPD-Training
2yb8,SinglePPD-Training
6fc6,SinglePPD-Training
4dma,SinglePPD-Training
4dh1,SinglePPD-Training
5y24,SinglePPD-Training
2oh0,SinglePPD-Training
2v6q,SinglePPD-Training
3bin,SinglePPD-Training
2i3h,SinglePPD-Training
4ezx,SinglePPD-Training
5ggp,SinglePPD-Training
3d9u,SinglePPD-Training
4pd1,SinglePPD-Training
4xo9,SinglePPD-Training
5tmw,SinglePPD-Training
5j3q,SinglePPD-Training
3lca,SinglePPD-Training
4hee,SinglePPD-Training
5q1d,SinglePPD-Training
4rfw,SinglePPD-Training
6tok,SinglePPD-Training
4y7r,SinglePPD-Training
5h0u,SinglePPD-Training
3wtq,SinglePPD-Training
6pcw,SinglePPD-Training
4esg,SinglePPD-Training
6esn,SinglePPD-Training
5due,SinglePPD-Training
2h1u,SinglePPD-Training
6eop,SinglePPD-Training
4u0a,SinglePPD-Training
2fop,SinglePPD-Training
2p4r,SinglePPD-Training
3o71,SinglePPD-Training
6ttk,SinglePPD-Training
4ifl,SinglePPD-Training
1zkk,SinglePPD-Training
1pzl,SinglePPD-Training
5wy2,SinglePPD-Training
6dae,SinglePPD-Training
5q1c,SinglePPD-Training
6qfm,SinglePPD-Training
2vr3,SinglePPD-Training
6pjq,SinglePPD-Training
1tjk,SinglePPD-Training
5b1z,SinglePPD-Training
3rl8,SinglePPD-Training
5tlo,SinglePPD-Training
5heb,SinglePPD-Training
6jcu,SinglePPD-Training
2x39,SinglePPD-Training
1oai,SinglePPD-Training
5tp1,SinglePPD-Training
4dh5,SinglePPD-Training
2qa9,SinglePPD-Training
1f47,SinglePPD-Training
6dtg,SinglePPD-Training
6mhe,SinglePPD-Training
4fhi,SinglePPD-Training
2xxn,SinglePPD-Training
3drg,SinglePPD-Training
1fy5,SinglePPD-Training
3rt7,SinglePPD-Training
3g19,SinglePPD-Training
1b40,SinglePPD-Training
5hfb,SinglePPD-Training
2vzi,SinglePPD-Training
4ezr,SinglePPD-Training
4m8e,SinglePPD-Training
1v1t,SinglePPD-Training
1lew,SinglePPD-Training
3n3x,SinglePPD-Training
5hsz,SinglePPD-Training
3m7u,SinglePPD-Training
3r42,SinglePPD-Training
5tlf,SinglePPD-Training
4d2m,SinglePPD-Training
2v51,SinglePPD-Training
4jyi,SinglePPD-Training
5b6c,SinglePPD-Training
6bwb,SinglePPD-Training
4xt9,SinglePPD-Training
1x76,SinglePPD-Training
5dwj,SinglePPD-Training
3bu3,SinglePPD-Training
3wt7,SinglePPD-Training
5jqi,SinglePPD-Training
1xiu,SinglePPD-Training
1smh,SinglePPD-Training
2ynn,SinglePPD-Training
3g6n,SinglePPD-Training
3ols,SinglePPD-Training
5tmz,SinglePPD-Training
5ei1,SinglePPD-Training
3l3z,SinglePPD-Training
3q49,SinglePPD-Training
4ezq,SinglePPD-Training
4txq,SinglePPD-Training
4pbz,SinglePPD-Training
4oh4,SinglePPD-Training
4yl8,SinglePPD-Training
2jf1,SinglePPD-Training
3cfs,SinglePPD-Training
5n3c,SinglePPD-Training
3cv0,SinglePPD-Training
6e3d,SinglePPD-Training
4ofr,SinglePPD-Training
3mk4,SinglePPD-Training
5ehj,SinglePPD-Training
5tm7,SinglePPD-Training
5jcy,SinglePPD-Training
3osz,SinglePPD-Training
3oxi,SinglePPD-Training
2uw8,SinglePPD-Training
5t0k,SinglePPD-Training
3uvm,SinglePPD-Training
4jdj,SinglePPD-Training
4afj,SinglePPD-Training
4lk9,SinglePPD-Training
3t4p,SinglePPD-Training
2ce8,SinglePPD-Training
6u3d,SinglePPD-Training
2h2f,SinglePPD-Training
5q13,SinglePPD-Training
3ajb,SinglePPD-Training
3f9w,SinglePPD-Training
5kcd,SinglePPD-Training
4mdr,SinglePPD-Training
3jti,SinglePPD-Training
2qme,SinglePPD-Training
5e1d,SinglePPD-Training
1cdm,SinglePPD-Training
4wvh,SinglePPD-Training
5dxm,SinglePPD-Training
3l9m,SinglePPD-Training
5m75,SinglePPD-Training
2cnz,SinglePPD-Training
4xod,SinglePPD-Training
2ffu,SinglePPD-Training
5g44,SinglePPD-Training
2hqw,SinglePPD-Training
2uw7,SinglePPD-Training
5e14,SinglePPD-Training
5u5r,SinglePPD-Training
7a78,SinglePPD-Training
6fbx,SinglePPD-Training
4k78,SinglePPD-Training
1cmi,SinglePPD-Training
4b1v,SinglePPD-Training
1q61,SinglePPD-Training
3oog,SinglePPD-Training
3qjm,SinglePPD-Training
5wg1,SinglePPD-Training
5iqn,SinglePPD-Training
5q14,SinglePPD-Training
5ja5,SinglePPD-Training
1fy4,SinglePPD-Training
6a0f,SinglePPD-Training
6kxy,SinglePPD-Training
4ivw,SinglePPD-Training
4ny3,SinglePPD-Training
5ox2,SinglePPD-Training
5xad,SinglePPD-Training
2hd4,SinglePPD-Training
4k4j,SinglePPD-Training
2fka,SinglePPD-Training
4k6i,SinglePPD-Training
3ds0,SinglePPD-Training
4g2h,SinglePPD-Training
5o3v,SinglePPD-Training
4jif,SinglePPD-Training
5krc,SinglePPD-Training
5tlm,SinglePPD-Training
5m0u,SinglePPD-Training
4pld,SinglePPD-Training
2q7k,SinglePPD-Training
4xbu,SinglePPD-Training
6ezi,SinglePPD-Training
4ia1,SinglePPD-Training
4p0a,SinglePPD-Training
3g9e,SinglePPD-Training
6eh3,SinglePPD-Training
2bcx,SinglePPD-Training
3v49,SinglePPD-Training
5e1b,SinglePPD-Training
6slg,SinglePPD-Training
2z3n,SinglePPD-Training
2zgj,SinglePPD-Training
7bq1,SinglePPD-Training
5ajn,SinglePPD-Training
4zox,SinglePPD-Training
4z83,SinglePPD-Training
6or1,SinglePPD-Training
1zys,SinglePPD-Training
2foo,SinglePPD-Training
1aqc,SinglePPD-Training
5tdd,SinglePPD-Training
6uyr,SinglePPD-Training
4r3l,SinglePPD-Training
6jmu,SinglePPD-Training
5xa5,SinglePPD-Training
5yp6,SinglePPD-Training
4ru2,SinglePPD-Training
4o30,SinglePPD-Training
4ln2,SinglePPD-Training
5tzq,SinglePPD-Training
7c7w,SinglePPD-Training
2g56,SinglePPD-Training
5nib,SinglePPD-Training
4ep2,SinglePPD-Training
5e0l,SinglePPD-Training
7djq,SinglePPD-Training
5dz0,SinglePPD-Training
5n32,SinglePPD-Training
2aq9,SinglePPD-Training
1jeu,SinglePPD-Training
6fzp,SinglePPD-Training
6o3x,SinglePPD-Training
3ul0,SinglePPD-Training
2qt5,SinglePPD-Training
5kce,SinglePPD-Training
4q5u,SinglePPD-Training
7jjc,SinglePPD-Training
5jj0,SinglePPD-Training
5kcw,SinglePPD-Training
3uef,SinglePPD-Training
4iwc,SinglePPD-Training
2c1a,SinglePPD-Training
4dg2,SinglePPD-Training
3zzz,SinglePPD-Training
5n1o,SinglePPD-Training
4epj,SinglePPD-Training
6mlc,SinglePPD-Training
4cgq,SinglePPD-Training
1u7b,SinglePPD-Training
6dqu,SinglePPD-Training
5vhb,SinglePPD-Training
3vt6,SinglePPD-Training
4h3q,SinglePPD-Training
6ms7,SinglePPD-Training
5e2q,SinglePPD-Training
2g2l,SinglePPD-Training
5yip,SinglePPD-Training
5q0p,SinglePPD-Training
2gfc,SinglePPD-Training
4z33,SinglePPD-Training
3g1b,SinglePPD-Training
4uja,SinglePPD-Training
5xup,SinglePPD-Training
6a33,SinglePPD-Training
4b4s,SinglePPD-Training
2fgr,SinglePPD-Training
4zn7,SinglePPD-Training
3zqh,SinglePPD-Training
3g2s,SinglePPD-Training
3wop,SinglePPD-Training
2qr9,SinglePPD-Training
3oak,SinglePPD-Training
3ayu,SinglePPD-Training
3ik5,SinglePPD-Training
3rrb,SinglePPD-Training
4z68,SinglePPD-Training
3wt6,SinglePPD-Training
5xpn,SinglePPD-Training
6ynt,SinglePPD-Training
5mzl,SinglePPD-Training
4x3h,SinglePPD-Training
6jjw,SinglePPD-Training
5tmm,SinglePPD-Training
3v2o,SinglePPD-Training
4g1w,SinglePPD-Training
3rm1,SinglePPD-Training
3fug,SinglePPD-Training
4uqy,SinglePPD-Training
2xpo,SinglePPD-Training
6sa8,SinglePPD-Training
4m38,SinglePPD-Training
3mv5,SinglePPD-Training
3c2g,SinglePPD-Training
2jkg,SinglePPD-Training
5kcf,SinglePPD-Training
1b51,SinglePPD-Training
4zoz,SinglePPD-Training
6ox5,SinglePPD-Training
6pu3,SinglePPD-Training
5fby,SinglePPD-Training
3v30,SinglePPD-Training
3gv4,SinglePPD-Training
4oar,SinglePPD-Training
3c3o,SinglePPD-Training
1ol5,SinglePPD-Training
6enb,SinglePPD-Training
4izy,SinglePPD-Training
4j24,SinglePPD-Training
2f7x,SinglePPD-Training
2j7x,SinglePPD-Training
2b9i,SinglePPD-Training
6tyv,SinglePPD-Training
2g49,SinglePPD-Training
5ous,SinglePPD-Training
6xfk,SinglePPD-Training
1l2i,SinglePPD-Training
1svh,SinglePPD-Training
4pp3,SinglePPD-Training
3iqi,SinglePPD-Training
2vo3,SinglePPD-Training
6i7a,SinglePPD-Training
2gnj,SinglePPD-Training
3qt0,SinglePPD-Training
3oof,SinglePPD-Training
2z23,SinglePPD-Training
4xw6,SinglePPD-Training
2xl2,SinglePPD-Training
3glu,SinglePPD-Training
6yqj,SinglePPD-Training
6xy4,SinglePPD-Training
5q0r,SinglePPD-Training
6v7p,SinglePPD-Training
4dgb,SinglePPD-Training
2bhd,SinglePPD-Training
3bu5,SinglePPD-Training
4iui,SinglePPD-Training
4a1x,SinglePPD-Training
3olf,SinglePPD-Training
3nih,SinglePPD-Training
4oyk,SinglePPD-Training
2v8y,SinglePPD-Training
5leo,SinglePPD-Training
3dnj,SinglePPD-Training
4ok1,SinglePPD-Training
3okh,SinglePPD-Training
6dqr,SinglePPD-Training
4dm6,SinglePPD-Training
3pcu,SinglePPD-Training
4g69,SinglePPD-Training
6fod,SinglePPD-Training
6ynr,SinglePPD-Training
3ukz,SinglePPD-Training
2vay,SinglePPD-Training
2flu,SinglePPD-Training
3t03,SinglePPD-Training
1tj9,SinglePPD-Training
6pu1,SinglePPD-Training
4cy1,SinglePPD-Training
1t63,SinglePPD-Training
3poo,SinglePPD-Training
5drj,SinglePPD-Training
2nud,SinglePPD-Training
4po6,SinglePPD-Training
2f49,SinglePPD-Training
3zrl,SinglePPD-Training
5cfa,SinglePPD-Training
6xzz,SinglePPD-Training
5ow7,SinglePPD-Training
6fzj,SinglePPD-Training
2be6,SinglePPD-Training
5n1k,SinglePPD-Training
5fw5,SinglePPD-Training
6v62,SinglePPD-Training
5dmc,SinglePPD-Training
6q67,SinglePPD-Training
6tj1,SinglePPD-Training
3brh,SinglePPD-Training
3diw,SinglePPD-Training
4udd,SinglePPD-Training
3iqq,SinglePPD-Training
4k6y,SinglePPD-Training
4xek,SinglePPD-Training
1gwq,SinglePPD-Training
3w0j,SinglePPD-Training
1nu2,SinglePPD-Training
1jbp,SinglePPD-Training
1yti,SinglePPD-Training
5k4f,SinglePPD-Training
5q1b,SinglePPD-Training
3u7x,SinglePPD-Training
3ul1,SinglePPD-Training
2b1j,SinglePPD-Training
3zo3,SinglePPD-Training
5o5m,SinglePPD-Training
4oha,SinglePPD-Training
5et1,SinglePPD-Training
3omo,SinglePPD-Training
4c5i,SinglePPD-Training
3dvu,SinglePPD-Training
4pes,SinglePPD-Training
1zgy,SinglePPD-Training
2c5i,SinglePPD-Training
1j71,SinglePPD-Training
6s1r,SinglePPD-Training
1sua,SinglePPD-Training
4pp5,SinglePPD-Training
4wyu,SinglePPD-Training
6eh2,SinglePPD-Training
5krf,SinglePPD-Training
1xrp,SinglePPD-Training
6ad9,SinglePPD-Training
2g5o,SinglePPD-Training
4fii,SinglePPD-Training
5l11,SinglePPD-Training
2flw,SinglePPD-Training
1be9,SinglePPD-Training
6i41,SinglePPD-Training
4oc7,SinglePPD-Training
4jyg,SinglePPD-Training
3owp,SinglePPD-Training
5n36,SinglePPD-Training
4oih,SinglePPD-Training
5onr,SinglePPD-Training
5q18,SinglePPD-Training
1n4m,SinglePPD-Training
3jzq,SinglePPD-Training
5jin,SinglePPD-Training
4fmq,SinglePPD-Training
4cy3,SinglePPD-Training
6pju,SinglePPD-Training
5tmv,SinglePPD-Training
3ivv,SinglePPD-Training
2xpp,SinglePPD-Training
6pj8,SinglePPD-Training
1b3f,SinglePPD-Training
1yye,SinglePPD-Training
5kri,SinglePPD-Training
2nm1,SinglePPD-Training
5unj,SinglePPD-Training
5xzf,SinglePPD-Training
6hl6,SinglePPD-Training
1qkb,SinglePPD-Training
2jdv,SinglePPD-Training
3fjq,SinglePPD-Training
4niq,SinglePPD-Training
5ec9,SinglePPD-Training
5t0q,SinglePPD-Training
1m7e,SinglePPD-Training
3cvn,SinglePPD-Training
3uxg,SinglePPD-Training
6nwk,SinglePPD-Training
4o45,SinglePPD-Training
3w5t,SinglePPD-Training
5zys,SinglePPD-Training
1gwr,SinglePPD-Training
5l9b,SinglePPD-Training
1slg,SinglePPD-Training
2gni,SinglePPD-Training
5gtu,SinglePPD-Training
5hhg,SinglePPD-Training
4u0c,SinglePPD-Training
6fbk,SinglePPD-Training
5dxr,SinglePPD-Training
1ybo,SinglePPD-Training
5dbe,SinglePPD-Training
6hy2,SinglePPD-Training
5gto,SinglePPD-Training
4y29,SinglePPD-Training
1awv,SinglePPD-Training
4dg0,SinglePPD-Training
4yk6,SinglePPD-Training
4xw4,SinglePPD-Training
4ikn,SinglePPD-Training
4g1z,SinglePPD-Training
4okw,SinglePPD-Training
6trr,SinglePPD-Training
1p4u,SinglePPD-Training
5o3w,SinglePPD-Training
2dyh,SinglePPD-Training
2duj,SinglePPD-Training
1qsn,SinglePPD-Training
5m0c,SinglePPD-Training
3e0m,SinglePPD-Training
4qve,SinglePPD-Training
1kyf,SinglePPD-Training
6oqy,SinglePPD-Training
1nvq,SinglePPD-Training
4ch9,SinglePPD-Training
6mbk,SinglePPD-Training
1kap,SinglePPD-Training
3qrx,SinglePPD-Training
4zsh,SinglePPD-Training
1dy8,SinglePPD-Training
4rrv,SinglePPD-Training
5dkb,SinglePPD-Training
3agy,SinglePPD-Training
4rey,SinglePPD-Training
6pdo,SinglePPD-Training
1dxp,SinglePPD-Training
4lx2,SinglePPD-Training
3bqd,SinglePPD-Training
6ha6,SinglePPD-Training
1o6k,SinglePPD-Training
5e19,SinglePPD-Training
6ex9,SinglePPD-Training
5ei3,SinglePPD-Training
6ma2,SinglePPD-Training
6ifg,SinglePPD-Training
6ikg,SinglePPD-Training
5v3n,SinglePPD-Training
3f2k,SinglePPD-Training
4gne,SinglePPD-Training
4rqi,SinglePPD-Training
5gp7,SinglePPD-Training
5mfi,SinglePPD-Training
5tn4,SinglePPD-Training
6eav,SinglePPD-Training
1y7l,SinglePPD-Training
4j09,SinglePPD-Training
2aww,SinglePPD-Training
5hax,SinglePPD-Training
1upk,SinglePPD-Training
4ezs,SinglePPD-Training
2jdo,SinglePPD-Training
6drt,SinglePPD-Training
6hks,SinglePPD-Training
5ehc,SinglePPD-Training
4z2v,SinglePPD-Training
2okr,SinglePPD-Training
4po2,SinglePPD-Training
1emu,SinglePPD-Training
4yi0,SinglePPD-Training
4pby,SinglePPD-Training
5x8n,SinglePPD-Training
1vwa,SinglePPD-Training
6d94,SinglePPD-Training
1h2k,SinglePPD-Training
5yxl,SinglePPD-Training
5drm,SinglePPD-Training
4wih,SinglePPD-Training
3emh,SinglePPD-Training
4dfx,SinglePPD-Training
1rsu,SinglePPD-Training
3rs9,SinglePPD-Training
5h19,SinglePPD-Training
4v0w,SinglePPD-Training
6lit,SinglePPD-Training
5n4n,SinglePPD-Training
3afr,SinglePPD-Training
6ghj,SinglePPD-Training
5e0v,SinglePPD-Training
6do4,SinglePPD-Training
5m6y,SinglePPD-Training
3shb,SinglePPD-Training
5fmk,SinglePPD-Training
6wk2,SinglePPD-Training
5vmo,SinglePPD-Training
1q62,SinglePPD-Training
2j6o,SinglePPD-Training
1osv,SinglePPD-Training
2xo4,SinglePPD-Training
3jpv,SinglePPD-Training
4dh3,SinglePPD-Training
1bs8,SinglePPD-Training
4h0h,SinglePPD-Training
2hfp,SinglePPD-Training
1t76,SinglePPD-Training
5mhi,SinglePPD-Training
3jzr,SinglePPD-Training
4chb,SinglePPD-Training
3zrk,SinglePPD-Training
5dp0,SinglePPD-Training
6evn,SinglePPD-Training
3fy2,SinglePPD-Training
1pjn,SinglePPD-Training
4gf3,SinglePPD-Training
6wzz,SinglePPD-Training
1t7m,SinglePPD-Training
5li1,SinglePPD-Training
5tn1,SinglePPD-Training
3e7c,SinglePPD-Training
3p8n,SinglePPD-Training
5dwe,SinglePPD-Training
3drj,SinglePPD-Training
1sqk,SinglePPD-Training
5duh,SinglePPD-Training
1e54,SinglePPD-Training
3fei,SinglePPD-Training
1b3g,SinglePPD-Training
5iz2,SinglePPD-Training
4ezw,SinglePPD-Training
5xpo,SinglePPD-Training
6e99,SinglePPD-Training
1kyu,SinglePPD-Training
1zh7,SinglePPD-Training
3o2b,SinglePPD-Training
6jx3,SinglePPD-Training
5h2x,SinglePPD-Training
7jn9,SinglePPD-Training
4p6w,SinglePPD-Training
6jez,SinglePPD-Training
3tzy,SinglePPD-Training
3ha6,SinglePPD-Training
5q1h,SinglePPD-Training
6j0w,SinglePPD-Training
1u6h,SinglePPD-Training
4k39,SinglePPD-Training
5ted,SinglePPD-Training
3w5r,SinglePPD-Training
6f0w,SinglePPD-Training
3woo,SinglePPD-Training
2qgt,SinglePPD-Training
4znt,SinglePPD-Training
6eau,SinglePPD-Training
3njf,SinglePPD-Training
5v1t,SinglePPD-Training
3c0t,SinglePPD-Training
3p8o,SinglePPD-Training
4f9m,SinglePPD-Training
6r7w,SinglePPD-Training
6g86,SinglePPD-Training
3q8d,SinglePPD-Training
3v2x,SinglePPD-Training
5ajj,SinglePPD-Training
5q0s,SinglePPD-Training
2v5f,SinglePPD-Training
2wok,SinglePPD-Training
2p0w,SinglePPD-Training
4aif,SinglePPD-Training
2q7j,SinglePPD-Training
2f3y,SinglePPD-Training
3rz9,SinglePPD-Training
6u3a,SinglePPD-Training
6rrc,SinglePPD-Training
5vau,SinglePPD-Training
3uvo,SinglePPD-Training
5g46,SinglePPD-Training
5yi8,SinglePPD-Training
5jjy,SinglePPD-Training
5krh,SinglePPD-Training
4mvi,SinglePPD-Training
3cvl,SinglePPD-Training
4n3b,SinglePPD-Training
3ips,SinglePPD-Training
3w5q,SinglePPD-Training
5jp2,SinglePPD-Training
6sh9,SinglePPD-Training
3rtd,SinglePPD-Training
1b05,SinglePPD-Training
5q1i,SinglePPD-Training
2jld,SinglePPD-Training
3cqu,SinglePPD-Training
4x1v,SinglePPD-Training
6f8f,SinglePPD-Training
4o36,SinglePPD-Training
1hqw,SinglePPD-Training
2cny,SinglePPD-Training
4wjo,SinglePPD-Training
4bt9,SinglePPD-Training
5q0x,SinglePPD-Training
6key,SinglePPD-Training
6syi,SinglePPD-Training
5e1o,SinglePPD-Training
6mbl,SinglePPD-Training
1tp3,SinglePPD-Training
2pc4,SinglePPD-Training
5dlr,SinglePPD-Training
3tzx,SinglePPD-Training
1nu8,SinglePPD-Training
3rte,SinglePPD-Training
5e1m,SinglePPD-Training
3e8e,SinglePPD-Training
5fcg,SinglePPD-Training
1ca9,SinglePPD-Training
4kg9,SinglePPD-Training
5yd3,SinglePPD-Training
6bw3,SinglePPD-Training
1h2l,SinglePPD-Training
5aph,SinglePPD-Training
3oap,SinglePPD-Training
3obu,SinglePPD-Training
3w0g,SinglePPD-Training
6izm,SinglePPD-Training
2gnh,SinglePPD-Training
2erz,SinglePPD-Training
2x6m,SinglePPD-Training
5kra,SinglePPD-Training
5n4r,SinglePPD-Training
2vny,SinglePPD-Training
1yds,SinglePPD-Training
4e2j,SinglePPD-Training
3uky,SinglePPD-Training
1rjk,SinglePPD-Training
2b23,SinglePPD-Training
5c6d,SinglePPD-Training
5n1l,SinglePPD-Training
6g05,SinglePPD-Training
3drh,SinglePPD-Training
7c7v,SinglePPD-Training
2vo6,SinglePPD-Training
6bw0,SinglePPD-Training
1svg,SinglePPD-Training
6sti,SinglePPD-Training
3ruu,SinglePPD-Training
1u3r,SinglePPD-Training
3omp,SinglePPD-Training
1x11,SinglePPD-Training
3ryb,SinglePPD-Training
1o6l,SinglePPD-Training
1ky7,SinglePPD-Training
5dxp,SinglePPD-Training
2v3y,SinglePPD-Training
3dve,SinglePPD-Training
2qbx,SinglePPD-Training
4iu7,SinglePPD-Training
5xln,SinglePPD-Training
2vzd,SinglePPD-Training
6njg,SinglePPD-Training
6el9,SinglePPD-Training
2zfx,SinglePPD-Training
4ba3,SinglePPD-Training
6vro,SinglePPD-Training
3n55,SinglePPD-Training
4z2p,SinglePPD-Training
5lmg,SinglePPD-Training
3l03,SinglePPD-Training
5vbc,SinglePPD-Training
1rkg,SinglePPD-Training
5owd,SinglePPD-Training
4ue9,SinglePPD-Training
5q1f,SinglePPD-Training
6ov7,SinglePPD-Training
3ow3,SinglePPD-Training
6g07,SinglePPD-Training
5gtn,SinglePPD-Training
4ie9,SinglePPD-Training
5wos,SinglePPD-Training
5cxt,SinglePPD-Training
5q11,SinglePPD-Training
3ny3,SinglePPD-Training
3gof,SinglePPD-Training
4apo,SinglePPD-Training
1abo,SinglePPD-Training
1b5i,SinglePPD-Training
6ube,SinglePPD-Training
3e5a,SinglePPD-Training
1r9n,SinglePPD-Training
4u7i,SinglePPD-Training
6erv,SinglePPD-Training
4yoz,SinglePPD-Training
6e5x,SinglePPD-Training
6qj7,SinglePPD-Training
5n85,SinglePPD-Training
3rt9,SinglePPD-Training
1ola,SinglePPD-Training
5dvs,SinglePPD-Training
4nm0,SinglePPD-Training
3ebb,SinglePPD-Training
1jev,SinglePPD-Training
3l0e,SinglePPD-Training
5eyz,SinglePPD-Training
5nin,SinglePPD-Training
3sfj,SinglePPD-Training
3w5p,SinglePPD-Training
2co2,SinglePPD-Training
3zo1,SinglePPD-Training
3vtc,SinglePPD-Training
2fff,SinglePPD-Training
3l0j,SinglePPD-Training
3gn8,SinglePPD-Training
4yl6,SinglePPD-Training
3wor,SinglePPD-Training
5onq,SinglePPD-Training
4iga,SinglePPD-Training
4xi7,SinglePPD-Training
3c3r,SinglePPD-Training
1apm,SinglePPD-Training
6fo8,SinglePPD-Training
3kz0,SinglePPD-Training
1dy9,SinglePPD-Training
4faj,SinglePPD-Training
2vnw,SinglePPD-Training
3tj5,SinglePPD-Training
1ycq,SinglePPD-Training
6el6,SinglePPD-Training
4bpl,SinglePPD-Training
3ewt,SinglePPD-Training
3u7d,SinglePPD-Training
3mn5,SinglePPD-Training
3bxl,SinglePPD-Training
1oxn,SinglePPD-Training
3esk,SinglePPD-Training
1ej4,SinglePPD-Training
5ly3,SinglePPD-Training
1ok7,SinglePPD-Training
5xoq,SinglePPD-Training
6y9o,SinglePPD-Training
4n39,SinglePPD-Training
3vtb,SinglePPD-Training
5dai,SinglePPD-Training
4dk7,SinglePPD-Training
1dkz,SinglePPD-Training
6lb4,SinglePPD-Training
4iw8,SinglePPD-Training
3ufm,SinglePPD-Training
4rtz,SinglePPD-Training
1awu,SinglePPD-Training
6vo5,SinglePPD-Training
4zny,SinglePPD-Training
6j56,SinglePPD-Training
3ivb,SinglePPD-Training
5e0x,SinglePPD-Training
5did,SinglePPD-Training
3asl,SinglePPD-Training
5ntw,SinglePPD-Training
4srn,SinglePPD-Training
6evp,SinglePPD-Training
1b32,SinglePPD-Training
4iw6,SinglePPD-Training
5tn7,SinglePPD-Training
6jfa,SinglePPD-Training
5n3d,SinglePPD-Training
5v1a,SinglePPD-Training
5nu1,SinglePPD-Training
3rss,SinglePPD-Training
5tm5,SinglePPD-Training
5d94,SinglePPD-Training
5n4v,SinglePPD-Training
1t01,SinglePPD-Training
6jf6,SinglePPD-Training
4jx7,SinglePPD-Training
5tml,SinglePPD-Training
4o1v,SinglePPD-Training
6r8i,SinglePPD-Training
5n5l,SinglePPD-Training
6fzu,SinglePPD-Training
5g3j,SinglePPD-Training
3iqh,SinglePPD-Training
3mqp,SinglePPD-Training
6tyx,SinglePPD-Training
4ehq,SinglePPD-Training
6el7,SinglePPD-Training
3mqs,SinglePPD-Training
5zwf,SinglePPD-Training
4b4n,SinglePPD-Training
2buo,SinglePPD-Training
2r3y,SinglePPD-Training
3ds4,SinglePPD-Training
6wzx,SinglePPD-Training
5y49,SinglePPD-Training
1d4t,SinglePPD-Training
4kmd,SinglePPD-Training
1j19,SinglePPD-Training
3io8,SinglePPD-Training
4x8p,SinglePPD-Training
1w9q,SinglePPD-Training
4jor,SinglePPD-Training
2g47,SinglePPD-Training
6ijs,SinglePPD-Training
6mje,SinglePPD-Training
5e0u,SinglePPD-Training
1p7v,SinglePPD-Training
1xb7,SinglePPD-Training
2wa8,SinglePPD-Training
3aun,SinglePPD-Training
3oll,SinglePPD-Training
3hbv,SinglePPD-Training
5tda,SinglePPD-Training
2ybf,SinglePPD-Training
2vog,SinglePPD-Training
6g5f,SinglePPD-Training
5f5o,SinglePPD-Training
4h3p,SinglePPD-Training
5lcu,SinglePPD-Training
3vjt,SinglePPD-Training
3qkl,SinglePPD-Training
1q3p,SinglePPD-Training
2c5k,SinglePPD-Training
3mpj,SinglePPD-Training
4o22,SinglePPD-Training
5u2d,SinglePPD-Training
5xpl,SinglePPD-Training
6cd9,SinglePPD-Training
5kwn,SinglePPD-Training
5ybe,SinglePPD-Training
5m0l,SinglePPD-Training
2ao6,SinglePPD-Training
6b3x,SinglePPD-Training
5fmj,SinglePPD-Training
3vt9,SinglePPD-Training
5o8k,SinglePPD-Training
4r8t,SinglePPD-Training
3ici,SinglePPD-Training
4cc3,SinglePPD-Training
7jtv,SinglePPD-Training
2drk,SinglePPD-Training
3rsf,SinglePPD-Training
5n1e,SinglePPD-Training
4uj1,SinglePPD-Training
6a9c,SinglePPD-Training
5h17,SinglePPD-Training
6cd8,SinglePPD-Training
3ipu,SinglePPD-Training
1wbp,SinglePPD-Training
1fn8,SinglePPD-Training
4uwx,SinglePPD-Training
1iwq,SinglePPD-Training
3c5t,SinglePPD-Training
5lyq,SinglePPD-Training
4ezt,SinglePPD-Training
2ych,SinglePPD-Training
5kct,SinglePPD-Training
2jgb,SinglePPD-Training
5b5b,SinglePPD-Training
1olc,SinglePPD-Training
5q1e,SinglePPD-Training
2ivz,SinglePPD-Training
3at0,SinglePPD-Training
5t1g,SinglePPD-Training
5naf,SinglePPD-Training
3ktr,SinglePPD-Training
6ej7,SinglePPD-Training
5jwp,SinglePPD-Training
3hdb,SinglePPD-Training
2uw0,SinglePPD-Training
2uw5,SinglePPD-Training
4xpn,SinglePPD-Training
2ilm,SinglePPD-Training
2olb,SinglePPD-Training
4wb5,SinglePPD-Training
3vt7,SinglePPD-Training
1x7b,SinglePPD-Training
3pkn,SinglePPD-Training
4dc2,SinglePPD-Training
5dz3,SinglePPD-Training
2x0x,SinglePPD-Training
5dig,SinglePPD-Training
1ymt,SinglePPD-Training
2zlc,SinglePPD-Training
2gtk,SinglePPD-Training
4b60,SinglePPD-Training
6hol,SinglePPD-Training
3hs9,SinglePPD-Training
3d9o,SinglePPD-Training
5tm8,SinglePPD-Training
3kyt,SinglePPD-Training
4qe6,SinglePPD-Training
5tmr,SinglePPD-Training
3c9q,SinglePPD-Training
4lzf,SinglePPD-Training
3nij,SinglePPD-Training
2xs4,SinglePPD-Training
2y0i,SinglePPD-Training
3g03,SinglePPD-Training
3ro2,SinglePPD-Training
3erd,SinglePPD-Training
3cww,SinglePPD-Training
1t5z,SinglePPD-Training
3tcg,SinglePPD-Training
3zqg,SinglePPD-Training
4axa,SinglePPD-Training
4oh5,SinglePPD-Training
6z2p,SinglePPD-Training
5oxx,SinglePPD-Training
6mm5,SinglePPD-Training
2vzg,SinglePPD-Training
5jhn,SinglePPD-Training
3gci,SinglePPD-Training
5dkg,SinglePPD-Training
3rsg,SinglePPD-Training
3uvn,SinglePPD-Training
4n7g,SinglePPD-Training
2v3x,SinglePPD-Training
3awr,SinglePPD-Training
3q5u,SinglePPD-Training
4jop,SinglePPD-Training
6xnj,SinglePPD-Training
6e3g,SinglePPD-Training
2vo0,SinglePPD-Training
1zdt,SinglePPD-Training
5tu5,SinglePPD-Training
3fp2,SinglePPD-Training
4yjl,SinglePPD-Training
1mfl,SinglePPD-Training
5tzp,SinglePPD-Training
5gu4,SinglePPD-Training
1zuz,SinglePPD-Training
6e7i,SinglePPD-Training
2i0l,SinglePPD-Training
6k3a,SinglePPD-Training
6qg8,SinglePPD-Training
5n51,SinglePPD-Training
4zdu,SinglePPD-Training
1uhe,SinglePPD-Training
4djc,SinglePPD-Training
1oeb,SinglePPD-Training
4y3o,SinglePPD-Training
5otg,SinglePPD-Training
6wmd,SinglePPD-Training
2zmj,SinglePPD-Training
3drf,SinglePPD-Training
2doh,SinglePPD-Training
6eru,SinglePPD-Training
1w3c,SinglePPD-Training
5lmf,SinglePPD-Training
4nnl,SinglePPD-Training
2qxv,SinglePPD-Training
5n1n,SinglePPD-Training
3zil,SinglePPD-Training
1q8t,SinglePPD-Training
5q1a,SinglePPD-Training
5krm,SinglePPD-Training
4tjx,SinglePPD-Training
1jmt,SinglePPD-Training
4okx,SinglePPD-Training
3iol,SinglePPD-Training
5dwg,SinglePPD-Training
4wne,SinglePPD-Training
4c38,SinglePPD-Training
2p1l,SinglePPD-Training
5n5m,SinglePPD-Training
3hqh,SinglePPD-Training
5v21,SinglePPD-Training
5b41,SinglePPD-Training
1pxd,SinglePPD-Training
3plu,SinglePPD-Training
6jjy,SinglePPD-Training
1q2c,SinglePPD-Training
4r7a,SinglePPD-Training
5hfc,SinglePPD-Training
2w2u,SinglePPD-Training
4gld,SinglePPD-Training
3fs1,SinglePPD-Training
5m0b,SinglePPD-Training
3fxv,SinglePPD-Training
4zie,SinglePPD-Training
4pp6,SinglePPD-Training
4ckq,SinglePPD-Training
4zrk,SinglePPD-Training
2v8x,SinglePPD-Training
5q0v,SinglePPD-Training
6ssq,SinglePPD-Training
5fml,SinglePPD-Training
6hv2,SinglePPD-Training
5svz,SinglePPD-Training
3so6,SinglePPD-Training
6e4d,SinglePPD-Training
4f20,SinglePPD-Training
4ktc,SinglePPD-Training
2ce9,SinglePPD-Training
4zhb,SinglePPD-Training
5di7,SinglePPD-Training
4dg3,SinglePPD-Training
6ekl,SinglePPD-Training
5crw,SinglePPD-Training
4c37,SinglePPD-Training
1yp0,SinglePPD-Training
3g2w,SinglePPD-Training
5nqv,SinglePPD-Training
4qjr,SinglePPD-Training
5tly,SinglePPD-Training
2zjd,SinglePPD-Training
6i2d,SinglePPD-Training
5dvc,SinglePPD-Training
4m1z,SinglePPD-Training
3ovv,SinglePPD-Training
6jh8,SinglePPD-Training
4ery,SinglePPD-Training
6hon,SinglePPD-Training
4js0,SinglePPD-Training
1b46,SinglePPD-Training
6kpb,SinglePPD-Training
4zu6,SinglePPD-Training
3lge,SinglePPD-Training
3sui,SinglePPD-Training
2jk9,SinglePPD-Training
3zvy,SinglePPD-Training
5apj,SinglePPD-Training
6gvl,SinglePPD-Training
4z0u,SinglePPD-Training
4qvf,SinglePPD-Training
2uzw,SinglePPD-Training
5y1u,SinglePPD-Training
1g37,SinglePPD-Training
4oez,SinglePPD-Training
5v22,SinglePPD-Training
2gpo,SinglePPD-Training
5x8w,SinglePPD-Training
1mf4,SinglePPD-Training
3dxc,SinglePPD-Training
6tyu,SinglePPD-Training
2eeo,SinglePPD-Training
4j82,SinglePPD-Training
4tzo,SinglePPD-Training
2w9r,SinglePPD-Training
5zz9,SinglePPD-Training
2xpn,SinglePPD-Training
6y4p,SinglePPD-Training
6b27,SinglePPD-Training
5wrd,SinglePPD-Training
3hbu,SinglePPD-Training
4f27,SinglePPD-Training
6nwl,SinglePPD-Training
2uzt,SinglePPD-Training
5w93,SinglePPD-Training
6k07,SinglePPD-Training
4iv4,SinglePPD-Training
6yn0,SinglePPD-Training
6i42,SinglePPD-Training
4rqz,SinglePPD-Training
3kj0,SinglePPD-Training
6g0y,SinglePPD-Training
5m6v,SinglePPD-Training
5gsa,SinglePPD-Training
4x3g,SinglePPD-Training
1wkw,SinglePPD-Training
3b7s,SinglePPD-Training
6hom,SinglePPD-Training
3vn2,SinglePPD-Training
1gdu,SinglePPD-Training
5uzk,SinglePPD-Training
6ox3,SinglePPD-Training
1ydt,SinglePPD-Training
4ysi,SinglePPD-Training
1oxq,SinglePPD-Training
3rtc,SinglePPD-Training
5two,SinglePPD-Training
5afp,SinglePPD-Training
4q0a,SinglePPD-Training
4xw5,SinglePPD-Training
3zo2,SinglePPD-Training
1ejh,SinglePPD-Training
4oey,SinglePPD-Training
2fts,SinglePPD-Training
5dtv,SinglePPD-Training
2bzw,SinglePPD-Training
4wb8,SinglePPD-Training
3qlc,SinglePPD-Training
1qka,SinglePPD-Training
1i31,SinglePPD-Training
6daf,SinglePPD-Training
5uw7,SinglePPD-Training
5u5t,SinglePPD-Training
6dth,SinglePPD-Training
5ybu,SinglePPD-Training
1t4f,SinglePPD-Training
5x8u,SinglePPD-Training
6sk8,SinglePPD-Training
4pxm,SinglePPD-Training
4q13,SinglePPD-Training
2g54,SinglePPD-Training
1oxg,SinglePPD-Training
5i7z,SinglePPD-Training
5yd8,SinglePPD-Training
4znh,SinglePPD-Training
5vab,SinglePPD-Training
1tg4,SinglePPD-Training
6uyq,SinglePPD-Training
5dpw,SinglePPD-Training
5n3e,SinglePPD-Training
2fai,SinglePPD-Training
2bha,SinglePPD-Training
5e6q,SinglePPD-Training
4rmd,SinglePPD-Training
4k75,SinglePPD-Training
3fdl,SinglePPD-Training
3ktp,SinglePPD-Training
6y2o,SinglePPD-Training
6tqp,SinglePPD-Training
5q0t,SinglePPD-Training
6y4o,SinglePPD-Training
2ojf,SinglePPD-Training
5tll,SinglePPD-Training
2gu8,SinglePPD-Training
1k4w,SinglePPD-Training
3kmr,SinglePPD-Training
4fvl,SinglePPD-Training
3fdo,SinglePPD-Training
5vac,SinglePPD-Training
3g2u,SinglePPD-Training
1f4v,SinglePPD-Training
4a62,SinglePPD-Training
5q16,SinglePPD-Training
5tmt,SinglePPD-Training
4b7e,SinglePPD-Training
5dzh,SinglePPD-Training
1t65,SinglePPD-Training
3hda,SinglePPD-Training
5mfe,SinglePPD-Training
4nu1,SinglePPD-Training
2qxm,SinglePPD-Training
3i1h,SinglePPD-Training
5q0o,SinglePPD-Training
1b58,SinglePPD-Training
3hm1,SinglePPD-Training
2bba,SinglePPD-Training
1zvz,SinglePPD-Training
5q10,SinglePPD-Training
2xrw,SinglePPD-Training
5xpt,SinglePPD-Training
6m64,SinglePPD-Training
7b88,SinglePPD-Training
3uvk,SinglePPD-Training
3vjs,SinglePPD-Training
5dmf,SinglePPD-Training
4es0,SinglePPD-Training
5epp,SinglePPD-Training
4b1x,SinglePPD-Training
2vkn,SinglePPD-Training
7jjm,SinglePPD-Training
1qxa,SinglePPD-Training
3uvl,SinglePPD-Training
1tdv,SinglePPD-Training
3rsq,SinglePPD-Training
1rkh,SinglePPD-Training
4zif,SinglePPD-Training
4qqi,SinglePPD-Training
4i31,SinglePPD-Training
3vi1,SinglePPD-Training
4w8h,SinglePPD-Training
4ezo,SinglePPD-Training
3zrj,SinglePPD-Training
2y9q,SinglePPD-Training
5n33,SinglePPD-Training
3l9n,SinglePPD-Training
4dor,SinglePPD-Training
3iqg,SinglePPD-Training
3i7z,SinglePPD-Training
6i6h,SinglePPD-Training
5hh7,SinglePPD-Training
4rxh,SinglePPD-Training
3f7o,SinglePPD-Training
6p6e,SinglePPD-Training
5lga,SinglePPD-Training
4mi8,SinglePPD-Training
6t46,SinglePPD-Training
6wly,SinglePPD-Training
5gtp,SinglePPD-Training
5lct,SinglePPD-Training
4e73,SinglePPD-Training
4wpf,SinglePPD-Training
5vqi,SinglePPD-Training
3vrt,SinglePPD-Training
4xef,SinglePPD-Training
5yba,SinglePPD-Training
4dfz,SinglePPD-Training
3dxd,SinglePPD-Training
6njz,SinglePPD-Training
6n3e,SinglePPD-Training
5hey,SinglePPD-Training
1lvb,SinglePPD-Training
4pps,SinglePPD-Training
4jbn,SinglePPD-Training
6bvv,SinglePPD-Training
3dnd,SinglePPD-Training
3o1e,SinglePPD-Training
4cco,SinglePPD-Training
2h1c,SinglePPD-Training
5w4f,SinglePPD-Training
3zir,SinglePPD-Training
4j1v,SinglePPD-Training
3zs6,SinglePPD-Training
3uvu,SinglePPD-Training
3l3q,SinglePPD-Training
1om9,SinglePPD-Training
6ay9,SinglePPD-Training
6y9n,SinglePPD-Training
5n39,SinglePPD-Training
4f14,SinglePPD-Training
5v5o,SinglePPD-Training
5tlu,SinglePPD-Training
2nnu,SinglePPD-Training
1kyd,SinglePPD-Training
5huw,SinglePPD-Training
4poh,SinglePPD-Training
3ozj,SinglePPD-Training
6q0n,SinglePPD-Training
2nv7,SinglePPD-Training
1zb5,SinglePPD-Training
5zw6,SinglePPD-Training
5a2p,SinglePPD-Training
3ziq,SinglePPD-Training
6bcd,SinglePPD-Training
5tlx,SinglePPD-Training
4iim,SinglePPD-Training
3cdw,SinglePPD-Training
4gq6,SinglePPD-Training
1yok,SinglePPD-Training
5wgg,SinglePPD-Training
4zj7,SinglePPD-Training
4riq,SinglePPD-Training
1q1s,SinglePPD-Training
3mnp,SinglePPD-Training
6rmb,SinglePPD-Training
6fzf,SinglePPD-Training
5m5v,SinglePPD-Training
4b8o,SinglePPD-Training
5yi7,SinglePPD-Training
5v62,SinglePPD-Training
5xzh,SinglePPD-Training
6f14,SinglePPD-Training
1q1t,SinglePPD-Training
3vru,SinglePPD-Training
3tz1,SinglePPD-Training
4j8b,SinglePPD-Training
4j79,SinglePPD-Training
5umz,SinglePPD-Training
4joj,SinglePPD-Training
2uw9,SinglePPD-Training
1t7f,SinglePPD-Training
1ddv,SinglePPD-Training
4nz8,SinglePPD-Training
1rk3,SinglePPD-Training
6aif,SinglePPD-Training
6cf6,SinglePPD-Training
5m5t,SinglePPD-Training
3tzz,SinglePPD-Training
5zvw,SinglePPD-Training
5ekf,SinglePPD-Training
4gw8,SinglePPD-Training
1mv9,SinglePPD-Training
6ox4,SinglePPD-Training
6ejc,SinglePPD-Training
6qfi,SinglePPD-Training
3lae,SinglePPD-Training
6qxk,SinglePPD-Training
1rst,SinglePPD-Training
3iur,SinglePPD-Training
6gy5,SinglePPD-Training
1zky,SinglePPD-Training
5ycn,SinglePPD-Training
4fhh,SinglePPD-Training
3tax,SinglePPD-Training
5jp4,SinglePPD-Training
3rof,SinglePPD-Training
2xs1,SinglePPD-Training
6ilq,SinglePPD-Training
5m5r,SinglePPD-Training
2zvw,SinglePPD-Training
4k7l,SinglePPD-Training
3d7v,SinglePPD-Training
1ee4,SinglePPD-Training
5ygf,SinglePPD-Training
5yca,SinglePPD-Training
5krl,SinglePPD-Training
4j47,SinglePPD-Training
5dyd,SinglePPD-Training
6a9x,SinglePPD-Training
2zpy,SinglePPD-Training
4m5s,SinglePPD-Training
2fib,SinglePPD-Training
3zio,SinglePPD-Training
4mvl,SinglePPD-Training
5vla,SinglePPD-Training
5y1j,SinglePPD-Training
4j48,SinglePPD-Training
2puy,SinglePPD-Training
5fpx,SinglePPD-Training
3pth,SinglePPD-Training
5ajo,SinglePPD-Training
5jiu,SinglePPD-Training
6uai,SinglePPD-Training
2zmi,SinglePPD-Training
3zip,SinglePPD-Training
3u9q,SinglePPD-Training
4u7y,SinglePPD-Training
4iwf,SinglePPD-Training
5ycp,SinglePPD-Training
2whx,SinglePPD-Training
1oqn,SinglePPD-Training
6wk1,SinglePPD-Training
2ynr,SinglePPD-Training
6ku0,SinglePPD-Training
4mz6,SinglePPD-Training
1tk4,SinglePPD-Training
1ow6,SinglePPD-Training
2qbw,SinglePPD-Training
6hl0,SinglePPD-Training
1u3s,SinglePPD-Training
6pj9,SinglePPD-Training
3e8c,SinglePPD-Training
2xpx,SinglePPD-Training
1zw2,SinglePPD-Training
5n3b,SinglePPD-Training
7bq0,SinglePPD-Training
2xum,SinglePPD-Training
5uw3,SinglePPD-Training
1qix,SinglePPD-Training
5v8k,SinglePPD-Training
2uw6,SinglePPD-Training
3rrj,SinglePPD-Training
6tog,SinglePPD-Training
3h8k,SinglePPD-Training
4in9,SinglePPD-Training
1ssc,SinglePPD-Training
2dex,SinglePPD-Training
5dyb,SinglePPD-Training
5fzt,SinglePPD-Training
2ot0,SinglePPD-Training
6eax,SinglePPD-Training
4e17,SinglePPD-Training
3ukw,SinglePPD-Training
7d3d,SinglePPD-Training
5q0j,SinglePPD-Training
1x78,SinglePPD-Training
6twy,SinglePPD-Training
6cdc,SinglePPD-Training
3cwd,SinglePPD-Training
5c27,SinglePPD-Training
2zla,SinglePPD-Training
3r85,SinglePPD-Training
6eje,SinglePPD-Training
5g5w,SinglePPD-Training
6k08,SinglePPD-Training
5yay,SinglePPD-Training
6t2e,SinglePPD-Training
3rc4,SinglePPD-Training
2dqk,SinglePPD-Training
1zav,SinglePPD-Training
4u7e,SinglePPD-Training
5hfe,SinglePPD-Training
7bq4,SinglePPD-Training
6p6a,SinglePPD-Training
5aer,SinglePPD-Training
4nm3,SinglePPD-Training
5vtb,SinglePPD-Training
4k3m,SinglePPD-Training
4j46,SinglePPD-Training
1b5j,SinglePPD-Training
1obx,SinglePPD-Training
4j84,SinglePPD-Training
5gk9,SinglePPD-Training
6yqk,SinglePPD-Training
1w9o,SinglePPD-Training
5k9s,SinglePPD-Training
1iq5,SinglePPD-Training
5n7p,SinglePPD-Training
3uih,SinglePPD-Training
5glf,SinglePPD-Training
5v5p,SinglePPD-Training
3ama,SinglePPD-Training
5cx3,SinglePPD-Training
3tvt,SinglePPD-Training
4rs9,SinglePPD-Training
5w4e,SinglePPD-Training
5q12,SinglePPD-Training
5y5a,SinglePPD-Training
5zoo,SinglePPD-Training
5lcp,SinglePPD-Training
6spz,SinglePPD-Training
2f31,SinglePPD-Training
2flk,SinglePPD-Training
5npj,SinglePPD-Training
1x7j,SinglePPD-Training
4zgm,SinglePPD-Training
1uj0,SinglePPD-Training
5huy,SinglePPD-Training
6ma5,SinglePPD-Training
3vt3,SinglePPD-Training
6hl1,SinglePPD-Training
6q0u,SinglePPD-Training
5a86,SinglePPD-Training
5t63,SinglePPD-Training
3woq,SinglePPD-Training
6g5g,SinglePPD-Training
4mp0,SinglePPD-Training
1m46,SinglePPD-Training
1uoq,SinglePPD-Training
6tno,SinglePPD-Training
4nu8,SinglePPD-Training
4dlq,SinglePPD-Training
5npi,SinglePPD-Training
3zrm,SinglePPD-Training
1pjm,SinglePPD-Training
2f3z,SinglePPD-Training
4wv6,SinglePPD-Training
3kwy,SinglePPD-Training
6do3,SinglePPD-Training
5wuk,SinglePPD-Training
2v2f,SinglePPD-Training
5l7e,SinglePPD-Training
4zi1,SinglePPD-Training
2zxn,SinglePPD-Training
3srj,SinglePPD-Training
2b9j,SinglePPD-Training
4znv,SinglePPD-Training
1ee5,SinglePPD-Training
5q0k,SinglePPD-Training
2co1,SinglePPD-Training
5q15,SinglePPD-Training
3zin,SinglePPD-Training
6yqi,SinglePPD-Training
4hh6,SinglePPD-Training
3e94,SinglePPD-Training
1s2k,SinglePPD-Training
4hys,SinglePPD-Training
3rqg,SinglePPD-Training
1m2z,SinglePPD-Training
5g45,SinglePPD-Training
1pq8,SinglePPD-Training
1zdu,SinglePPD-Training
2vo7,SinglePPD-Training
1wrz,SinglePPD-Training
2xap,SinglePPD-Training
5m5u,SinglePPD-Training
2jdt,SinglePPD-Training
4xal,SinglePPD-Training
3m94,SinglePPD-Training
1zax,SinglePPD-Training
6akl,SinglePPD-Training
5z5s,SinglePPD-Training
3drk,SinglePPD-Training
3fej,SinglePPD-Training
3oki,SinglePPD-Training
1syq,SinglePPD-Training
5wun,SinglePPD-Training
6ocx,SinglePPD-Training
4mz5,SinglePPD-Training
5tlg,SinglePPD-Training
3tsz,SinglePPD-Validation
3nii,SinglePPD-Validation
3omk,SinglePPD-Validation
5n7u,SinglePPD-Validation
1cm4,SinglePPD-Validation
3h1z,SinglePPD-Validation
4erz,SinglePPD-Validation
2jdr,SinglePPD-Validation
1q8u,SinglePPD-Validation
4yxs,SinglePPD-Validation
3jzs,SinglePPD-Validation
4b8p,SinglePPD-Validation
5o90,SinglePPD-Validation
4wzx,SinglePPD-Validation
6v55,SinglePPD-Validation
3t6b,SinglePPD-Validation
6cdg,SinglePPD-Validation
6kxx,SinglePPD-Validation
4yxr,SinglePPD-Validation
4gyo,SinglePPD-Validation
3ook,SinglePPD-Validation
3rtg,SinglePPD-Validation
3rre,SinglePPD-Validation
4dxr,SinglePPD-Validation
1t79,SinglePPD-Validation
2pq2,SinglePPD-Validation
5etf,SinglePPD-Validation
1mxe,SinglePPD-Validation
5e15,SinglePPD-Validation
4jjq,SinglePPD-Validation
1tfc,SinglePPD-Validation
4r5i,SinglePPD-Validation
4ka7,SinglePPD-Validation
2q6g,SinglePPD-Validation
4j45,SinglePPD-Validation
1iid,SinglePPD-Validation
6tyz,SinglePPD-Validation
3sj9,SinglePPD-Validation
4gxb,SinglePPD-Validation
5dz1,SinglePPD-Validation
3rtb,SinglePPD-Validation
4eq0,SinglePPD-Validation
2npa,SinglePPD-Validation
3zdl,SinglePPD-Validation
4oni,SinglePPD-Validation
2fmi,SinglePPD-Validation
5wa1,SinglePPD-Validation
4tzm,SinglePPD-Validation
3mne,SinglePPD-Validation
4e3b,SinglePPD-Validation
4fdd,SinglePPD-Validation
1hax,SinglePPD-Validation
5e0m,SinglePPD-Validation
3dvk,SinglePPD-Validation
4uj9,SinglePPD-Validation
5kr9,SinglePPD-Validation
6q0m,SinglePPD-Validation
1j2x,SinglePPD-Validation
6dtf,SinglePPD-Validation
5cj6,SinglePPD-Validation
3pe4,SinglePPD-Validation
4j8g,SinglePPD-Validation
6mjl,SinglePPD-Validation
4iv2,SinglePPD-Validation
3cy3,SinglePPD-Validation
6pdi,SinglePPD-Validation
6ma4,SinglePPD-Validation
4ezy,SinglePPD-Validation
4w8p,SinglePPD-Validation
1fyn,SinglePPD-Validation
5oj5,SinglePPD-Validation
4c5a,SinglePPD-Validation
5ic3,SinglePPD-Validation
5n4z,SinglePPD-Validation
4uda,SinglePPD-Validation
4zii,SinglePPD-Validation
2j6f,SinglePPD-Validation
3srn,SinglePPD-Validation
5tm4,SinglePPD-Validation
4zu1,SinglePPD-Validation
5xpu,SinglePPD-Validation
2ovh,SinglePPD-Validation
4h39,SinglePPD-Validation
2wo6,SinglePPD-Validation
1bs6,SinglePPD-Validation
5hf1,SinglePPD-Validation
2uzu,SinglePPD-Validation
5ypr,SinglePPD-Validation
5kcu,SinglePPD-Validation
6itm,SinglePPD-Validation
4poj,SinglePPD-Validation
6dqq,SinglePPD-Validation
6lph,SinglePPD-Validation
3a2h,SinglePPD-Validation
3vt8,SinglePPD-Validation
3s90,SinglePPD-Validation
5jlb,SinglePPD-Validation
4z8j,SinglePPD-Validation
5dxk,SinglePPD-Validation
2pcu,SinglePPD-Validation
4ouc,SinglePPD-Validation
3hxi,SinglePPD-Validation
3v4a,SinglePPD-Validation
3mqr,SinglePPD-Validation
3qf9,SinglePPD-Validation
3d8c,SinglePPD-Validation
3gdv,SinglePPD-Validation
5q19,SinglePPD-Validation
5y44,SinglePPD-Validation
3n2d,SinglePPD-Validation
6v63,SinglePPD-Validation
6zqs,SinglePPD-Validation
6hkp,SinglePPD-Validation
4iac,SinglePPD-Validation
3x2u,SinglePPD-Validation
2orz,SinglePPD-Validation
6evo,SinglePPD-Validation
5n1d,SinglePPD-Validation
4ux9,SinglePPD-Validation
3njj,SinglePPD-Validation
5v8z,SinglePPD-Validation
5yt0,SinglePPD-Validation
6ync,SinglePPD-Validation
5d7f,SinglePPD-Validation
2a25,SinglePPD-Validation
5lcr,SinglePPD-Validation
5nfp,SinglePPD-Validation
5w4g,SinglePPD-Validation
2zmh,SinglePPD-Validation
2r7g,SinglePPD-Validation
4ewr,SinglePPD-Validation
3ma3,SinglePPD-Validation
5ua5,SinglePPD-Validation
5vwv,SinglePPD-Validation
5dy8,SinglePPD-Validation
6tyw,SinglePPD-Validation
3l3x,SinglePPD-Validation
4udc,SinglePPD-Validation
5lcq,SinglePPD-Validation
6wme,SinglePPD-Validation
2qur,SinglePPD-Validation
2zvm,SinglePPD-Validation
1jw6,SinglePPD-Validation
4gxl,SinglePPD-Validation
1yr5,SinglePPD-Validation
5lxh,SinglePPD-Validation
3rrf,SinglePPD-Validation
5y59,SinglePPD-Validation
6k0t,SinglePPD-Validation
3p89,SinglePPD-Validation
5yd4,SinglePPD-Validation
5nft,SinglePPD-Validation
5klr,SinglePPD-Validation
3rc0,SinglePPD-Validation
3f7d,SinglePPD-Validation
4g2v,SinglePPD-Validation
3l9l,SinglePPD-Validation
1jet,SinglePPD-Validation
3sp6,SinglePPD-Validation
5syz,SinglePPD-Validation
5n1m,SinglePPD-Validation
2pkl,SinglePPD-Validation
4ezz,SinglePPD-Validation
5tms,SinglePPD-Validation
3l81,SinglePPD-Validation
1ugx,SinglePPD-Validation
7c5d,SinglePPD-Validation
5e1c,SinglePPD-Validation
6pdn,SinglePPD-Validation
2p1u,SinglePPD-Validation
3w0h,SinglePPD-Validation
1pu9,SinglePPD-Validation
6j3n,SinglePPD-Validation
4f1z,SinglePPD-Validation
5w41,SinglePPD-Validation
3hxg,SinglePPD-Validation
4v0v,SinglePPD-Validation
1b52,SinglePPD-Validation
6aaf,SinglePPD-Validation
2q0n,SinglePPD-Validation
2ap2,SinglePPD-Validation
5dxq,SinglePPD-Validation
6idx,SinglePPD-Validation
6s8r,SinglePPD-Validation
2f7e,SinglePPD-Validation
5dug,SinglePPD-Validation
3ery,SinglePPD-Validation
2fmh,SinglePPD-Validation
6pdp,SinglePPD-Validation
3obx,SinglePPD-Validation
3tjv,SinglePPD-Validation
1ukh,SinglePPD-Validation
4xib,SinglePPD-Validation
2b1z,SinglePPD-Test
3cy2,SinglePPD-Test
3dri,SinglePPD-Test
3jzp,SinglePPD-Test
1gdn,SinglePPD-Test
2qgw,SinglePPD-Test
3o2h,SinglePPD-Test
6z2q,SinglePPD-Test
6r2i,SinglePPD-Test
5q1g,SinglePPD-Test
6vdb,SinglePPD-Test
4c35,SinglePPD-Test
1k7l,SinglePPD-Test
6y9q,SinglePPD-Test
6jnr,SinglePPD-Test
2qpy,SinglePPD-Test
4z2o,SinglePPD-Test
6toh,SinglePPD-Test
1q2d,SinglePPD-Test
4znu,SinglePPD-Test
2p15,SinglePPD-Test
6d0f,SinglePPD-Test
3wv0,SinglePPD-Test
1zbc,SinglePPD-Test
5jez,SinglePPD-Test
6czn,SinglePPD-Test
3e2b,SinglePPD-Test
5e33,SinglePPD-Test
4uj2,SinglePPD-Test
4i33,SinglePPD-Test
6ert,SinglePPD-Test
5zqg,SinglePPD-Test
6i68,SinglePPD-Test
4dj9,SinglePPD-Test
6hvo,SinglePPD-Test
5ick,SinglePPD-Test
4zn9,SinglePPD-Test
3b7t,SinglePPD-Test
1lb5,SinglePPD-Test
3sjk,SinglePPD-Test
2hc4,SinglePPD-Test
6f0g,SinglePPD-Test
5die,SinglePPD-Test
2qse,SinglePPD-Test
2xvc,SinglePPD-Test
3v9y,SinglePPD-Test
6bw4,SinglePPD-Test
7jk7,SinglePPD-Test
1awq,SinglePPD-Test
3sou,SinglePPD-Test
1x7r,SinglePPD-Test
4ep3,SinglePPD-Test
5tmo,SinglePPD-Test
2y8o,SinglePPD-Test
6v7r,SinglePPD-Test
3p3n,SinglePPD-Test
5ndt,SinglePPD-Test
6jjx,SinglePPD-Test
4erq,SinglePPD-Test
6evm,SinglePPD-Test
4k38,SinglePPD-Test
4k0u,SinglePPD-Test
6j68,SinglePPD-Test
3rta,SinglePPD-Test
6toi,SinglePPD-Test
6iiw,SinglePPD-Test
1nrl,SinglePPD-Test
5z6s,SinglePPD-Test
3dxe,SinglePPD-Test
2q3c,SinglePPD-Test
5a29,SinglePPD-Test
5n23,SinglePPD-Test
1t74,SinglePPD-Test
6e8r,SinglePPD-Test
4jl0,SinglePPD-Test
4mdd,SinglePPD-Test
4e35,SinglePPD-Test
4d07,SinglePPD-Test
1o9u,SinglePPD-Test
6hc8,SinglePPD-Test
4dh8,SinglePPD-Test
4c33,SinglePPD-Test
6ieu,SinglePPD-Test
3w0i,SinglePPD-Test
4upu,SinglePPD-Test
5tmu,SinglePPD-Test
5q0z,SinglePPD-Test
3dct,SinglePPD-Test
5oy3,SinglePPD-Test
3l6x,SinglePPD-Test
4dh7,SinglePPD-Test
1fch,SinglePPD-Test
6twu,SinglePPD-Test
5q17,SinglePPD-Test
2uvy,SinglePPD-Test
6mbj,SinglePPD-Test
6uao,SinglePPD-Test
6gmz,SinglePPD-Test
4a2a,SinglePPD-Test
6hpg,SinglePPD-Test
6b9h,SinglePPD-Test
1stc,SinglePPD-Test
1fmo,SinglePPD-Test
1l3r,SinglePPD-Test
5gic,SinglePPD-Test
5hff,SinglePPD-Test
6f0f,SinglePPD-Test
3bej,SinglePPD-Test
3ukx,SinglePPD-Test
5tn6,SinglePPD-Test
2xs8,SinglePPD-Test
3x23,SinglePPD-Test
4f00,SinglePPD-Test
3r7g,SinglePPD-Test
6ej8,SinglePPD-Test
1b4z,SinglePPD-Test
4yz6,SinglePPD-Test
2xs3,SinglePPD-Test
1skg,SinglePPD-Test
2hpz,SinglePPD-Test
6h9j,SinglePPD-Test
5o0e,SinglePPD-Test
1qgr,SinglePPD-Test
6jue,SinglePPD-Test
3jq5,SinglePPD-Test
4gnf,SinglePPD-Test
3wt5,SinglePPD-Test
5a2j,SinglePPD-Test
3jrv,SinglePPD-Test
4jdh,SinglePPD-Test
5mgx,SinglePPD-Test
4c34,SinglePPD-Test
6dad,SinglePPD-Test
6x23,SinglePPD-Test
6dco,SinglePPD-Test
4lg6,SinglePPD-Test
6hl5,SinglePPD-Test
2uvx,SinglePPD-Test
6ma3,SinglePPD-Test
3eu7,SinglePPD-Test
2wh6,SinglePPD-Test
3nfl,SinglePPD-Test
4loo,SinglePPD-Test
6k5o,SinglePPD-Test
4ezu,SinglePPD-Test
5wir,SinglePPD-Test
6aya,SinglePPD-Test
5n52,SinglePPD-Test
3d9t,SinglePPD-Test
3oxt,SinglePPD-Test
6ew9,SinglePPD-Test
2vwf,SinglePPD-Test
2xcb,SinglePPD-Test
3g8i,SinglePPD-Test
6f8g,SinglePPD-Test
7a77,SinglePPD-Test
1soz,SinglePPD-Test
6f6d,SinglePPD-Test
3plz,SinglePPD-Test
5xod,SinglePPD-Test
5e3a,SinglePPD-Test
4naq,SinglePPD-Test
3w1b,SinglePPD-Test
5tlv,SinglePPD-Test
5q0n,SinglePPD-Test
1k3a,SinglePPD-Test
3ptg,SinglePPD-Test
5fjx,SinglePPD-Test
4xmh,SinglePPD-Test
6ema,SinglePPD-Test
3gyt,SinglePPD-Test
6emd,SinglePPD-Test
5ni8,SinglePPD-Test
2wax,SinglePPD-Test
6y8c,SinglePPD-Test
5tm9,SinglePPD-Test
1b3l,SinglePPD-Test
2ihs,SinglePPD-Test
4i32,SinglePPD-Test
4bqk,SinglePPD-Test
1atp,SinglePPD-Test
4k74,SinglePPD-Test
4dm8,SinglePPD-Test
6ve5,SinglePPD-Test
1xvm,SinglePPD-Test
3kus,SinglePPD-Test
5bs2,SinglePPD-Test
5q0w,SinglePPD-Test
3hql,SinglePPD-Test
4rwv,SinglePPD-Test
5ddz,SinglePPD-Test
1czy,PFPD
1eg4,PFPD
1elw,PFPD
1jd5,PFPD
1jwg,PFPD
1mfg,PFPD
1ntv,PFPD
1rxz,PFPD
1ssh,PFPD
1x2r,PFPD
2a3i,PFPD
1awr,PFPD
1er8,PFPD
1nvr,PFPD
1nx1,PFPD
1ou8,PFPD
1u00,PFPD
2b9h,PFPD
2c3i,PFPD
2ds8,PFPD
2fmf,PFPD
2h9m,PFPD
2hpl,PFPD
2o02,PFPD
3d1e,PFPD
2cch,PFPD
1lvm,PFPD
2v3s,LEADSPEP
2w10,LEADSPEP
2w0z,LEADSPEP
4j8s,LEADSPEP
3ch8,LEADSPEP
1b9j,LEADSPEP
2qab,LEADSPEP
1svz,LEADSPEP
2oy2,LEADSPEP
1ou8,LEADSPEP
4n7h,LEADSPEP
2oxw,LEADSPEP
4q6h,LEADSPEP
1n7f,LEADSPEP
1uop,LEADSPEP
3bfw,LEADSPEP
1nvr,LEADSPEP
3bs4,LEADSPEP
4qbr,LEADSPEP
3lny,LEADSPEP
4eik,LEADSPEP
3brl,LEADSPEP
3vqg,LEADSPEP
4j44,LEADSPEP
3ds1,LEADSPEP
1elw,LEADSPEP
2b9h,LEADSPEP
3q47,LEADSPEP
1tw6,LEADSPEP
3d1e,LEADSPEP
4nnm,LEADSPEP
3upv,LEADSPEP
3obq,LEADSPEP
2o02,LEADSPEP
2hpl,LEADSPEP
4btb,LEADSPEP
2b6n,LEADSPEP
3gq1,LEADSPEP
2xfx,LEADSPEP
3njg,LEADSPEP
1ntv,LEADSPEP
4v3i,LEADSPEP
3jzo,LEADSPEP
3os5,ncAA
1zgi,ncAA
2ybp,ncAA
3al3,ncAA
4jiz,ncAA
3d4b,ncAA
3kmt,ncAA
1sl3,ncAA
6slv,ncAA
1b0h,ncAA
4igq,ncAA
7cio,ncAA
4nmp,ncAA
1z71,ncAA
3i91,ncAA
3sqd,ncAA
4ib1,ncAA
3uec,ncAA
3sp5,ncAA
3mo8,ncAA
3p1o,ncAA
4hon,ncAA
3spr,ncAA
2c1n,ncAA
4gfu,ncAA
4ib3,ncAA
6rki,ncAA
6ox2,ncAA
2ght,ncAA
2vnf,ncAA
4nmv,ncAA
2os2,ncAA
6rwh,ncAA
1b7h,ncAA
4nmt,ncAA
3smk,ncAA
1qja,ncAA
3cu8,ncAA
1b5h,ncAA
5nwi,ncAA
1d6w,ncAA
2wp1,ncAA
4nms,ncAA
6kmj,ncAA
4nnd,ncAA
3jzg,ncAA
1lck,ncAA
6rl3,ncAA
6l1f,ncAA
4iaz,ncAA
3p1r,ncAA
1b2h,ncAA
3lqi,ncAA
4iai,ncAA
6rl6,ncAA
1d9i,ncAA
4iaf,ncAA
1ta2,ncAA
1doj,ncAA
3smn,ncAA
5exa,ncAA
3iqv,ncAA
4nmo,ncAA
2ybs,ncAA
2ci9,ncAA
4uy4,ncAA
3hna,ncAA
4lxl,ncAA
4qbs,ncAA
1nm6,ncAA
3c1k,ncAA
3u4s,ncAA
3iqu,ncAA
4dow,ncAA
6rwi,ncAA
1jlu,ncAA
6sio,ncAA
2bqz,ncAA
1fpr,ncAA
1ta6,ncAA
1yrk,ncAA
3p1n,ncAA
3e6y,ncAA
6s9q,ncAA
6rl4,ncAA
5lu1,ncAA
2hmh,ncAA
5g4c,ncAA
2bdy,ncAA
3or0,ncAA
6sin,ncAA
3ux0,ncAA
4gfv,ncAA
6sip,ncAA
5gji,ncAA
5dms,ncAA
4psi,ncAA
1hag,ncAA
6s39,ncAA
1pfb,ncAA
3oqy,ncAA
4o56,ncAA
6rws,ncAA
4ifi,ncAA
3d81,ncAA
1y98,ncAA
3jzh,ncAA
3wp0,ncAA
1b1h,ncAA
3mhr,ncAA
3pfv,ncAA
1f1w,ncAA
6rwu,ncAA
4v2v,ncAA
1b6h,ncAA
1o9d,ncAA
1jyr,ncAA
4rmi,ncAA
5gjh,ncAA
3sml,ncAA
1lcj,ncAA
3smm,ncAA
2dxp,ncAA
4iea,ncAA
3olr,ncAA
6rhc,ncAA
4u1p,ncAA
2v89,ncAA
2pie,ncAA
5n75,ncAA
1xm1,ncAA
6rjz,ncAA
3unn,ncAA
5c26,ncAA
1nt1,ncAA
3p1q,ncAA
2i6o,ncAA
2pqw,ncAA
4v11,ncAA
5nwj,ncAA
4ib0,ncAA
6rkm,ncAA
2iui,ncAA
4iay,ncAA
1kc2,ncAA
6kzg,ncAA
1s5p,ncAA
1q4k,ncAA
4qli,ncAA
3smo,ncAA
8fg6,Latest
7qwv,Latest
8exn,Latest
8gji,Latest
8fkd,Latest
8jzv,Latest
8hmx,Latest
7uw4,Latest
8ael,Latest
8hqx,Latest
8ti6,Latest
8ia5,Latest
8tuu,Latest
8sf8,Latest
8jly,Latest
8c2p,Latest
8huq,Latest
8in0,Latest
7wqq,Latest
8exk,Latest
8exm,Latest
7z6f,Latest
8spl,Latest
8he3,Latest
8hlo,Latest
8fke,Latest
8gjg,Latest
8sov,Latest
8alh,Latest
8hqv,Latest
8r1t,Latest
8jzy,Latest
8r10,Latest
8fhg,Latest
7uw2,Latest
8t32,Latest
7xv4,Latest
8kdx,Latest
8eq5,Latest
7trl,Latest
8sud,Latest
8opi,Latest
8ck5,Latest
8ens,Latest
7umi,Latest
8jjv,Latest
7z6u,Latest
8gtx,Latest
8pii,Latest
8b9t,Latest
8t8g,Latest
8fkf,Latest
8pp0,Latest
7wun,Latest
8fhe,Latest
8q5p,Latest
8qlv,Latest
8tg8,Latest
8ese,Latest
8hum,Latest
8fkc,Latest
8hup,Latest
8hz8,Latest
7z7c,Latest
8qlk,Latest
8qxw,Latest
7wum,Latest
8exj,Latest
8r1n,Latest
8ym2,Latest
7yue,Latest
8are,Latest
8igc,Latest
8r1p,Latest
8afr,Latest
8t33,Latest
8iqm,Latest
7xv0,Latest
7wul,Latest
8cqy,Latest
8bf1,Latest
8r18,Latest
8hqt,Latest
8op0,Latest
8ahs,Latest
7tmy,Latest
8j5u,Latest
8fkg,Latest
8bia,Latest
